key,value
avg,0.889639166
key,value
avg,0.8925890200216514
key,value
avg,0.9841022340142547
key,value
avg,0.9903168218694015
