key,value
avg,0.963987401
key,value
avg,0.9655658277221046
key,value
avg,0.9289475722734074
key,value
avg,0.9620827912501367
