key,value
avg,0.96961795
key,value
avg,0.970771124
key,value
avg,0.974906106
key,value
avg,0.985109523
