key,value
avg,0.701644814
key,value
avg,0.73817111
key,value
avg,0.802251952
key,value
avg,0.843266555
