key,value
avg,0.977136766
key,value
avg,0.9869728624591778
key,value
avg,0.9729540272529843
key,value
avg,0.9974988073168446
