key,value
avg,0.874899938
key,value
avg,0.9057982230580902
key,value
avg,0.8744827267055505
key,value
avg,0.8564651197017268
